--
-- Dumping data for table core_style
--

INSERT INTO core_style (id_style,description_style,id_portlet_type,id_portal_component) VALUES (300,'Défaut','CHILDPAGES_PORTLET',0);
INSERT INTO core_style (id_style,description_style,id_portlet_type,id_portal_component) VALUES (301,'Image + lien','CHILDPAGES_PORTLET',0);
INSERT INTO core_style (id_style,description_style,id_portlet_type,id_portal_component) VALUES (302,'Sidebar - 1','CHILDPAGES_PORTLET',0);
INSERT INTO core_style (id_style,description_style,id_portlet_type,id_portal_component) VALUES (303,'Sidebar - 2','CHILDPAGES_PORTLET',0);
INSERT INTO core_style (id_style,description_style,id_portlet_type,id_portal_component) VALUES (304,'Sidebar - 3','CHILDPAGES_PORTLET',0);
INSERT INTO core_style (id_style,description_style,id_portlet_type,id_portal_component) VALUES (305,'Sidebar - 4','CHILDPAGES_PORTLET',0);


--
-- Dumping data for table core_stylesheet
--

INSERT INTO core_stylesheet (id_stylesheet, description, file_name, source) VALUES (30,'Rubrique Pages filles','portlet_childpages_simple.xsl','<?xml version=\"1.0\"?>\r\n<xsl:stylesheet version=\"1.0\" xmlns:xsl=\"http://www.w3.org/1999/XSL/Transform\">\r\n\r\n<xsl:param name=\"site-path\" select=\"site-path\" />\r\n\r\n<xsl:template match=\"portlet\">\r\n\r\n	<xsl:variable name=\"device_class\">\r\n	<xsl:choose>\r\n		<xsl:when test=\"string(display-on-small-device)=\'0\'\">hide-for-small</xsl:when>\r\n		<xsl:otherwise></xsl:otherwise>\r\n	</xsl:choose>\r\n	</xsl:variable>\r\n	\r\n	<div class=\"portlet-background  {$device_class} append-bottom\">\r\n        <xsl:if test=\"not(string(display-portlet-title)=\'1\')\">\r\n			<div class=\"portlet-background-header -lutece-border-radius-top\">\r\n				<xsl:value-of disable-output-escaping=\"yes\" select=\"portlet-name\" />\r\n			</div>\r\n        </xsl:if>\r\n		<xsl:if test=\"not(string(display-portlet-title)=\'1\')\">\r\n			<div class=\"portlet-background-content -lutece-border-radius-bottom\">\r\n				<xsl:apply-templates select=\"child-pages-portlet\" />\r\n			</div>\r\n        </xsl:if>\r\n		<xsl:if test=\"string(display-portlet-title)=\'1\'\">\r\n			<div class=\"portlet-background-content -lutece-border-radius\">\r\n				<xsl:apply-templates select=\"child-pages-portlet\" />\r\n			</div>\r\n        </xsl:if>\r\n	</div>\r\n</xsl:template>\r\n\r\n<xsl:template match=\"child-pages-portlet\">\r\n	<ul>\r\n	    <xsl:apply-templates select=\"child-page\" />\r\n	</ul>\r\n</xsl:template>\r\n\r\n<xsl:template match=\"child-page\">\r\n	<li>\r\n		<a href=\"{$site-path}?page_id={child-page-id}\" target=\"_top\">\r\n			<b><xsl:value-of select=\"child-page-name\" /></b>\r\n		</a><br/>\r\n		<xsl:value-of select=\"child-page-description\" /><br/>\r\n	</li>\r\n</xsl:template>\r\n\r\n</xsl:stylesheet>');
INSERT INTO core_stylesheet (id_stylesheet, description, file_name, source) VALUES (31,'Rubrique Pages filles en colonnes + image','portlet_childpages_image.xsl','<?xml version=\"1.0\"?>\r\n<xsl:stylesheet version=\"1.0\" xmlns:xsl=\"http://www.w3.org/1999/XSL/Transform\">\r\n\r\n<xsl:param name=\"site-path\" select=\"site-path\" />\r\n\r\n<xsl:template match=\"portlet\">\r\n\r\n	\r\n	<xsl:variable name=\"device_class\">\r\n	<xsl:choose>\r\n		<xsl:when test=\"string(display-on-small-device)=\'0\'\">hide-for-small</xsl:when>\r\n		<xsl:otherwise></xsl:otherwise>\r\n	</xsl:choose>\r\n	</xsl:variable>\r\n\r\n	<div class=\"portlet-background  {$device_class} append-bottom\">\r\n		<xsl:if test=\"not(string(display-portlet-title)=\'1\')\">\r\n			<div class=\"portlet-background-header -lutece-border-radius-top\">\r\n				<xsl:value-of disable-output-escaping=\"yes\" select=\"portlet-name\" />\r\n			</div>\r\n		</xsl:if>\r\n		<xsl:if test=\"not(string(display-portlet-title)=\'1\')\">\r\n			<div class=\"portlet-background-content -lutece-border-radius-bottom\">\r\n				<xsl:apply-templates select=\"child-pages-portlet\" />\r\n				<xsl:text disable-output-escaping=\"yes\">\r\n					<![CDATA[<div class=\"clear\">&#160;</div>]]>\r\n				</xsl:text>\r\n			</div>\r\n		</xsl:if>\r\n		<xsl:if test=\"string(display-portlet-title)=\'1\'\">\r\n			<div class=\"portlet-background-content -lutece-border-radius\">\r\n				<xsl:apply-templates select=\"child-pages-portlet\" />\r\n				<xsl:text disable-output-escaping=\"yes\">\r\n					<![CDATA[<div class=\"clear\">&#160;</div>]]>\r\n				</xsl:text>\r\n			</div>\r\n		</xsl:if>\r\n	</div>\r\n</xsl:template>\r\n\r\n\r\n<xsl:template match=\"child-pages-portlet\">\r\n	<xsl:apply-templates select=\"child-page\" />\r\n</xsl:template>\r\n\r\n\r\n<xsl:template match=\"child-page\">\r\n	<xsl:if test=\"position() mod 4 =1\" >\r\n		<xsl:if test=\"position() = 1\" >\r\n        	<xsl:text disable-output-escaping=\"yes\"><![CDATA[<div class=\"line-first\">]]></xsl:text>\r\n        </xsl:if>\r\n        <xsl:if test=\"position() > 1\" >\r\n        	<xsl:text disable-output-escaping=\"yes\"><![CDATA[<div class=\"line\">]]></xsl:text>\r\n        </xsl:if>\r\n    </xsl:if>\r\n\r\n	<div class=\"line-element\">\r\n		<p>\r\n	    	<xsl:apply-templates select=\"child-page-image\" />\r\n 				<a href=\"{$site-path}?page_id={child-page-id}\" target=\"_top\">\r\n				<strong><xsl:value-of select=\"child-page-name\" /></strong>\r\n			</a><br />\r\n			<xsl:value-of select=\"child-page-description\" />\r\n		</p>\r\n	</div>\r\n\r\n    <xsl:if test=\"(position() mod 4 =0) or (position()=last())\" >\r\n	    <xsl:text disable-output-escaping=\"yes\"><![CDATA[</div>]]></xsl:text>\r\n    </xsl:if>\r\n\r\n    <xsl:if test=\"position()=last()\" >\r\n	    <xsl:text disable-output-escaping=\"yes\">\r\n    	    <![CDATA[<div class=\"clear\">&#160;</div>]]>\r\n        </xsl:text>\r\n    </xsl:if>\r\n</xsl:template>\r\n\r\n\r\n<!-- Format image polaroide -->\r\n<xsl:template match=\"child-page-image\">\r\n    <div class=\"polaroid\" >\r\n       <img border=\"0\" width=\"80\" height=\"80\" src=\"{.}\" alt=\"\" />\r\n    </div>\r\n</xsl:template>\r\n\r\n\r\n</xsl:stylesheet>');
INSERT INTO core_stylesheet (id_stylesheet, description, file_name, source) VALUES (404,'Rubrique Pages filles - Couleur 1','portlet_childpages_sidebar_boxed1.xsl','<?xml version=\"1.0\"?>\r\n<xsl:stylesheet version=\"1.0\"\r\n	xmlns:xsl=\"http://www.w3.org/1999/XSL/Transform\">\r\n\r\n	<xsl:param name=\"site-path\" select=\"site-path\" />\r\n\r\n	<xsl:template match=\"portlet\">\r\n	\r\n	<xsl:variable name=\"device_class\">\r\n	<xsl:choose>\r\n		<xsl:when test=\"string(display-on-small-device)=\'0\'\">hide-for-small</xsl:when>\r\n		<xsl:otherwise></xsl:otherwise>\r\n	</xsl:choose>\r\n	</xsl:variable>\r\n		<div class=\"portlet  {$device_class} append-bottom -lutece-border-radius\">\r\n			<h2>\r\n				<xsl:if test=\"not(string(display-portlet-title)=\'1\')\">\r\n					<xsl:value-of disable-output-escaping=\"yes\" select=\"portlet-name\" />\r\n				</xsl:if>\r\n				<xsl:if test=\"not(string(display-portlet-title)=\'0\')\">		\r\n					&#160;\r\n				</xsl:if>				\r\n			</h2>		\r\n	\r\n			<xsl:apply-templates select=\"child-pages-portlet\" />\r\n		\r\n	</div>\r\n	<br />\r\n</xsl:template>\r\n\r\n<xsl:template match=\"child-pages-portlet\">\r\n	<ul>\r\n	    <xsl:apply-templates select=\"child-page\" />\r\n	</ul>\r\n</xsl:template>\r\n\r\n<xsl:template match=\"child-page\">\r\n	<li>\r\n		<a href=\"{$site-path}?page_id={child-page-id}\" target=\"_top\">\r\n			<b><xsl:value-of select=\"child-page-name\" /></b>\r\n		</a><br/>\r\n		<xsl:value-of select=\"child-page-description\" /><br/>\r\n	</li>\r\n</xsl:template>\r\n\r\n</xsl:stylesheet>\r\n');
INSERT INTO core_stylesheet (id_stylesheet, description, file_name, source) VALUES (405,'Rubrique Pages filles - Couleur 2','portlet_childpages_sidebar_boxed2.xsl','<?xml version=\"1.0\"?>\r\n<xsl:stylesheet version=\"1.0\"\r\n	xmlns:xsl=\"http://www.w3.org/1999/XSL/Transform\">\r\n\r\n	<xsl:param name=\"site-path\" select=\"site-path\" />\r\n\r\n	<xsl:template match=\"portlet\">\r\n	<xsl:variable name=\"device_class\">\r\n	<xsl:choose>\r\n		<xsl:when test=\"string(display-on-small-device)=\'0\'\">hide-for-small</xsl:when>\r\n		<xsl:otherwise></xsl:otherwise>\r\n	</xsl:choose>\r\n	</xsl:variable>\r\n	\r\n		<div class=\"portlet  {$device_class} append-bottom -lutece-border-radius\">\r\n			<h2>\r\n				<xsl:if test=\"not(string(display-portlet-title)=\'1\')\">\r\n					<xsl:value-of disable-output-escaping=\"yes\" select=\"portlet-name\" />\r\n				</xsl:if>\r\n				<xsl:if test=\"not(string(display-portlet-title)=\'0\')\">		\r\n					&#160;\r\n				</xsl:if>				\r\n			</h2>		\r\n			<xsl:apply-templates select=\"child-pages-portlet\" />\r\n\r\n	</div>\r\n	<br />\r\n</xsl:template>\r\n\r\n<xsl:template match=\"child-pages-portlet\">\r\n	<ul>\r\n	    <xsl:apply-templates select=\"child-page\" />\r\n	</ul>\r\n</xsl:template>\r\n\r\n<xsl:template match=\"child-page\">\r\n	<li>\r\n		<a href=\"{$site-path}?page_id={child-page-id}\" target=\"_top\">\r\n			<b><xsl:value-of select=\"child-page-name\" /></b>\r\n		</a><br/>\r\n		<xsl:value-of select=\"child-page-description\" /><br/>\r\n	</li>\r\n</xsl:template>\r\n\r\n</xsl:stylesheet>\r\n');
INSERT INTO core_stylesheet (id_stylesheet, description, file_name, source) VALUES (406,'Rubrique Pages filles - Couleur 3','portlet_childpages_sidebar_boxed3.xsl','<?xml version=\"1.0\"?>\r\n<xsl:stylesheet version=\"1.0\"\r\n	xmlns:xsl=\"http://www.w3.org/1999/XSL/Transform\">\r\n\r\n	<xsl:param name=\"site-path\" select=\"site-path\" />\r\n\r\n	<xsl:template match=\"portlet\">\r\n	<xsl:variable name=\"device_class\">\r\n	<xsl:choose>\r\n		<xsl:when test=\"string(display-on-small-device)=\'0\'\">hide-for-small</xsl:when>\r\n		<xsl:otherwise></xsl:otherwise>\r\n	</xsl:choose>\r\n	</xsl:variable>\r\n	\r\n		<div class=\"portlet  {$device_class} append-bottom -lutece-border-radius\">\r\n			<h2>\r\n				<xsl:if test=\"not(string(display-portlet-title)=\'1\')\">\r\n					<xsl:value-of disable-output-escaping=\"yes\" select=\"portlet-name\" />\r\n				</xsl:if>\r\n				<xsl:if test=\"not(string(display-portlet-title)=\'0\')\">		\r\n					&#160;\r\n				</xsl:if>				\r\n			</h2>		\r\n	\r\n			<xsl:apply-templates select=\"child-pages-portlet\" />\r\n		\r\n	</div>\r\n	<br />\r\n</xsl:template>\r\n\r\n<xsl:template match=\"child-pages-portlet\">\r\n	<ul>\r\n	    <xsl:apply-templates select=\"child-page\" />\r\n	</ul>\r\n</xsl:template>\r\n\r\n<xsl:template match=\"child-page\">\r\n	<li>\r\n		<a href=\"{$site-path}?page_id={child-page-id}\" target=\"_top\">\r\n			<b><xsl:value-of select=\"child-page-name\" /></b>\r\n		</a><br/>\r\n		<xsl:value-of select=\"child-page-description\" /><br/>\r\n	</li>\r\n</xsl:template>\r\n\r\n</xsl:stylesheet>\r\n');
INSERT INTO core_stylesheet (id_stylesheet, description, file_name, source) VALUES (407,'Rubrique Pages filles - Couleur 4','portlet_childpages_sidebar_boxed4.xsl','<?xml version=\"1.0\"?>\r\n<xsl:stylesheet version=\"1.0\"\r\n	xmlns:xsl=\"http://www.w3.org/1999/XSL/Transform\">\r\n\r\n	<xsl:param name=\"site-path\" select=\"site-path\" />\r\n\r\n	<xsl:template match=\"portlet\">\r\n	<xsl:variable name=\"device_class\">\r\n	<xsl:choose>\r\n		<xsl:when test=\"string(display-on-small-device)=\'0\'\">hide-for-small</xsl:when>\r\n		<xsl:otherwise></xsl:otherwise>\r\n	</xsl:choose>\r\n	</xsl:variable>\r\n\r\n		<div class=\"portlet  {$device_class} append-bottom -lutece-border-radius\">\r\n			<h2>\r\n				<xsl:if test=\"not(string(display-portlet-title)=\'1\')\">\r\n					<xsl:value-of disable-output-escaping=\"yes\" select=\"portlet-name\" />\r\n				</xsl:if>\r\n				<xsl:if test=\"not(string(display-portlet-title)=\'0\')\">		\r\n					&#160;\r\n				</xsl:if>				\r\n			</h2>		\r\n			<xsl:apply-templates select=\"child-pages-portlet\" />\r\n\r\n	</div>\r\n	<br />\r\n</xsl:template>\r\n\r\n<xsl:template match=\"child-pages-portlet\">\r\n	<ul>\r\n	    <xsl:apply-templates select=\"child-page\" />\r\n	</ul>\r\n</xsl:template>\r\n\r\n<xsl:template match=\"child-page\">\r\n	<li>\r\n		<a href=\"{$site-path}?page_id={child-page-id}\" target=\"_top\">\r\n			<b><xsl:value-of select=\"child-page-name\" /></b>\r\n		</a><br/>\r\n		<xsl:value-of select=\"child-page-description\" /><br/>\r\n	</li>\r\n</xsl:template>\r\n\r\n</xsl:stylesheet>\r\n');

--
-- Dumping data for table core_style_mode_stylesheet
--

INSERT INTO core_style_mode_stylesheet (id_style,id_mode,id_stylesheet) VALUES (300,0,30);
INSERT INTO core_style_mode_stylesheet (id_style,id_mode,id_stylesheet) VALUES (301,0,31);
INSERT INTO core_style_mode_stylesheet (id_style,id_mode,id_stylesheet) VALUES (302,0,404);
INSERT INTO core_style_mode_stylesheet (id_style,id_mode,id_stylesheet) VALUES (303,0,405);
INSERT INTO core_style_mode_stylesheet (id_style,id_mode,id_stylesheet) VALUES (304,0,406);
INSERT INTO core_style_mode_stylesheet (id_style,id_mode,id_stylesheet) VALUES (305,0,407);



--
-- Dumping data for table core_portlet_type
--

INSERT INTO core_portlet_type (id_portlet_type,name,url_creation,url_update,home_class,plugin_name,url_docreate,create_script,create_specific,create_specific_form,url_domodify,modify_script,modify_specific,modify_specific_form) VALUES 
 ('CHILDPAGES_PORTLET','childpages.portlet.name','plugins/childpages/CreatePortletChildPages.jsp','plugins/childpages/ModifyPortletChildPages.jsp','fr.paris.lutece.plugins.childpages.business.portlet.ChildPagesPortletHome','childpages','plugins/childpages/DoCreatePortletChildPages.jsp','/admin/portlet/script_create_portlet.html','/admin/plugins/childpages/value_id_parent.html','','plugins/childpages/DoModifyPortletChildPages.jsp','/admin/portlet/script_modify_portlet.html','/admin/plugins/childpages/value_id_parent.html','');


